{
  "name": "bobenemies",
  "version": "0.18.3",
  "factorio_version": "0.18",
  "title": "Bob's Enemies mod",
  "author": "Bobingabout",
  "contact": "robertagius@hotmail.com",
  "homepage": "https://forums.factorio.com/viewforum.php?f=51",
  "dependencies": [
    "base >= 0.18.2"
  ],
  "description": "Re-adds Alien artifacts to the game.\nAdds 6 different coloured versions of artifacts to the game, each based on a different damage type.\nAdds small versions of artifacts dropped by biters and spitters.\nAdds extra damage type versions of big worm\nAdds a new Elemental nest that spawns the new biters and spitters\nAdds a big piercing biter and big electric spitter\nAdds Huge enemies of Acid and Explosive types\nAdds Giant enemies of Poison and Fire types\nAdds multi-type Titan type enemies\nAdds multi-type Badass behemoth enemies\nAdds multi-type Leviathan enemies, a real end-game threat."
}
