{
    "name": "stdlib",
    "version": "1.4.2",
    "factorio_version": "0.18",
    "title": "Factorio Standard Library",
    "author": "Afforess",
    "contact": "",
    "dependencies": [
        "base >= 0.18.0"
    ],
    "homepage": "https://github.com/Afforess/Factorio-Stdlib",
    "description": "The Factorio Standard Library is a project to bring Factorio modders high-quality, commonly-required utilities and tools.",
    "package": {
        "ignore": ["wiki/**", "spec/**", "tools/**", "doc/**", "faketorio/**"],
        "scripts": {
          "datestamp": ".publish/datestamp.sh",
          "prepackage": ".publish/prepackage.sh",
          "version": ".publish/version.sh",
          "prepublish": ".publish/prepublish.sh",
          "publish": ".publish/publish.sh"
        }
      }
}
